{
  "id": "3282510",
  "name": "pr-icon",
  "font_family": "prIcon",
  "css_prefix_text": "pr-icon-",
  "description": "",
  "glyphs": [
    {
      "icon_id": "1167186",
      "name": "提示",
      "font_class": "tip",
      "unicode": "e648",
      "unicode_decimal": 58952
    },
    {
      "icon_id": "7231846",
      "name": "074-wishlist",
      "font_class": "order-love",
      "unicode": "e62e",
      "unicode_decimal": 58926
    },
    {
      "icon_id": "17048301",
      "name": "list_line_bb",
      "font_class": "order-hook",
      "unicode": "e8d8",
      "unicode_decimal": 59608
    },
    {
      "icon_id": "21937738",
      "name": "ic_list",
      "font_class": "order",
      "unicode": "e6c0",
      "unicode_decimal": 59072
    },
    {
      "icon_id": "23597088",
      "name": "列表_list",
      "font_class": "liebiao_list",
      "unicode": "e62d",
      "unicode_decimal": 58925
    },
    {
      "icon_id": "7148754",
      "name": "账户余额",
      "font_class": "balance",
      "unicode": "e646",
      "unicode_decimal": 58950
    },
    {
      "icon_id": "15838503",
      "name": "help",
      "font_class": "help-round",
      "unicode": "e677",
      "unicode_decimal": 58999
    },
    {
      "icon_id": "15838595",
      "name": "help-filling",
      "font_class": "help-round-fill",
      "unicode": "e68a",
      "unicode_decimal": 59018
    },
    {
      "icon_id": "9567314",
      "name": "store-2-fill",
      "font_class": "store-fill",
      "unicode": "e8f7",
      "unicode_decimal": 59639
    },
    {
      "icon_id": "12001932",
      "name": "store-2-line",
      "font_class": "store",
      "unicode": "e62c",
      "unicode_decimal": 58924
    },
    {
      "icon_id": "162881",
      "name": "全部订单",
      "font_class": "order-list",
      "unicode": "e62b",
      "unicode_decimal": 58923
    },
    {
      "icon_id": "577357",
      "name": "删除",
      "font_class": "shanchu",
      "unicode": "e74b",
      "unicode_decimal": 59211
    },
    {
      "icon_id": "1304911",
      "name": "选中",
      "font_class": "xuanzhong",
      "unicode": "e62a",
      "unicode_decimal": 58922
    },
    {
      "icon_id": "11594458",
      "name": "选中选中",
      "font_class": "xuanzhongxuanzhong",
      "unicode": "e6c5",
      "unicode_decimal": 59077
    },
    {
      "icon_id": "4933393",
      "name": "实物-购物车",
      "font_class": "shiwu-gouwuche",
      "unicode": "e752",
      "unicode_decimal": 59218
    },
    {
      "icon_id": "6605938",
      "name": "97评价",
      "font_class": "pingjia",
      "unicode": "e654",
      "unicode_decimal": 58964
    },
    {
      "icon_id": "4766954",
      "name": "star",
      "font_class": "star",
      "unicode": "e7df",
      "unicode_decimal": 59359
    },
    {
      "icon_id": "4936673",
      "name": "star-fill",
      "font_class": "star-fill1",
      "unicode": "e86a",
      "unicode_decimal": 59498
    },
    {
      "icon_id": "11762552",
      "name": "edit",
      "font_class": "edit",
      "unicode": "e629",
      "unicode_decimal": 58921
    },
    {
      "icon_id": "31606339",
      "name": "location-fill",
      "font_class": "location-fill",
      "unicode": "e627",
      "unicode_decimal": 58919
    },
    {
      "icon_id": "31606340",
      "name": "phone-fill",
      "font_class": "phone-fill",
      "unicode": "e628",
      "unicode_decimal": 58920
    },
    {
      "icon_id": "31605625",
      "name": "phone",
      "font_class": "phone",
      "unicode": "e626",
      "unicode_decimal": 58918
    },
    {
      "icon_id": "31583245",
      "name": "camera-fill",
      "font_class": "camera-fill",
      "unicode": "e624",
      "unicode_decimal": 58916
    },
    {
      "icon_id": "31583246",
      "name": "camera",
      "font_class": "camera",
      "unicode": "e625",
      "unicode_decimal": 58917
    },
    {
      "icon_id": "30247680",
      "name": "share",
      "font_class": "share",
      "unicode": "e622",
      "unicode_decimal": 58914
    },
    {
      "icon_id": "30247672",
      "name": "share-fill",
      "font_class": "share-fill",
      "unicode": "e623",
      "unicode_decimal": 58915
    },
    {
      "icon_id": "30247374",
      "name": "search",
      "font_class": "search",
      "unicode": "e621",
      "unicode_decimal": 58913
    },
    {
      "icon_id": "12331647",
      "name": "窗口",
      "font_class": "columns",
      "unicode": "e664",
      "unicode_decimal": 58980
    },
    {
      "icon_id": "29722456",
      "name": "code",
      "font_class": "code",
      "unicode": "e620",
      "unicode_decimal": 58912
    },
    {
      "icon_id": "29715186",
      "name": "cross",
      "font_class": "cross",
      "unicode": "e61c",
      "unicode_decimal": 58908
    },
    {
      "icon_id": "29685390",
      "name": "privacy",
      "font_class": "privacy",
      "unicode": "e61e",
      "unicode_decimal": 58910
    },
    {
      "icon_id": "29685391",
      "name": "feedback",
      "font_class": "feedback",
      "unicode": "e61f",
      "unicode_decimal": 58911
    },
    {
      "icon_id": "29617184",
      "name": "tabbar",
      "font_class": "tabbar",
      "unicode": "e61d",
      "unicode_decimal": 58909
    },
    {
      "icon_id": "29617152",
      "name": "card-fill",
      "font_class": "card-fill",
      "unicode": "e618",
      "unicode_decimal": 58904
    },
    {
      "icon_id": "29617153",
      "name": "switch",
      "font_class": "switch",
      "unicode": "e619",
      "unicode_decimal": 58905
    },
    {
      "icon_id": "29617154",
      "name": "list",
      "font_class": "list",
      "unicode": "e61a",
      "unicode_decimal": 58906
    },
    {
      "icon_id": "29617155",
      "name": "loading",
      "font_class": "loading",
      "unicode": "e61b",
      "unicode_decimal": 58907
    },
    {
      "icon_id": "29617116",
      "name": "calendar",
      "font_class": "calendar",
      "unicode": "e615",
      "unicode_decimal": 58901
    },
    {
      "icon_id": "29617100",
      "name": "tag",
      "font_class": "tag",
      "unicode": "e616",
      "unicode_decimal": 58902
    },
    {
      "icon_id": "29617101",
      "name": "grass",
      "font_class": "grass",
      "unicode": "e617",
      "unicode_decimal": 58903
    },
    {
      "icon_id": "29608734",
      "name": "hook",
      "font_class": "hook",
      "unicode": "e60e",
      "unicode_decimal": 58894
    },
    {
      "icon_id": "29578216",
      "name": "exterior",
      "font_class": "exterior",
      "unicode": "e614",
      "unicode_decimal": 58900
    },
    {
      "icon_id": "29560030",
      "name": "shock",
      "font_class": "shock",
      "unicode": "e613",
      "unicode_decimal": 58899
    },
    {
      "icon_id": "29556265",
      "name": "relation",
      "font_class": "relation",
      "unicode": "e611",
      "unicode_decimal": 58897
    },
    {
      "icon_id": "29555872",
      "name": "set",
      "font_class": "set",
      "unicode": "e612",
      "unicode_decimal": 58898
    },
    {
      "icon_id": "29555573",
      "name": "broom",
      "font_class": "broom",
      "unicode": "e60f",
      "unicode_decimal": 58895
    },
    {
      "icon_id": "29555100",
      "name": "badge",
      "font_class": "badge",
      "unicode": "e610",
      "unicode_decimal": 58896
    },
    {
      "icon_id": "29554860",
      "name": "comment",
      "font_class": "comment",
      "unicode": "e60c",
      "unicode_decimal": 58892
    },
    {
      "icon_id": "29554622",
      "name": "tool",
      "font_class": "tool",
      "unicode": "e60b",
      "unicode_decimal": 58891
    },
    {
      "icon_id": "29554297",
      "name": "star-fill",
      "font_class": "star-fill",
      "unicode": "e60d",
      "unicode_decimal": 58893
    },
    {
      "icon_id": "29552887",
      "name": "toggle",
      "font_class": "toggle",
      "unicode": "e60a",
      "unicode_decimal": 58890
    },
    {
      "icon_id": "29551787",
      "name": "logout",
      "font_class": "logout",
      "unicode": "e609",
      "unicode_decimal": 58889
    },
    {
      "icon_id": "29059177",
      "name": "qrcode",
      "font_class": "qrcode",
      "unicode": "e608",
      "unicode_decimal": 58888
    },
    {
      "icon_id": "21986256",
      "name": "applied-fill",
      "font_class": "applied-fill",
      "unicode": "e64f",
      "unicode_decimal": 58959
    },
    {
      "icon_id": "21986258",
      "name": "applied",
      "font_class": "applied",
      "unicode": "e651",
      "unicode_decimal": 58961
    },
    {
      "icon_id": "28563017",
      "name": "arrow-top-double",
      "font_class": "arrow-top-double",
      "unicode": "e604",
      "unicode_decimal": 58884
    },
    {
      "icon_id": "28563020",
      "name": "arrow-right-double",
      "font_class": "arrow-right-double",
      "unicode": "e605",
      "unicode_decimal": 58885
    },
    {
      "icon_id": "28563023",
      "name": "arrow-bottom-double",
      "font_class": "arrow-bottom-double",
      "unicode": "e606",
      "unicode_decimal": 58886
    },
    {
      "icon_id": "28563032",
      "name": "arrow-left-double",
      "font_class": "arrow-left-double",
      "unicode": "e607",
      "unicode_decimal": 58887
    },
    {
      "icon_id": "28562982",
      "name": "arrow-top",
      "font_class": "arrow-top",
      "unicode": "e600",
      "unicode_decimal": 58880
    },
    {
      "icon_id": "28562983",
      "name": "arrow-right",
      "font_class": "arrow-right",
      "unicode": "e601",
      "unicode_decimal": 58881
    },
    {
      "icon_id": "28562984",
      "name": "arrow-bottom",
      "font_class": "arrow-bottom",
      "unicode": "e602",
      "unicode_decimal": 58882
    },
    {
      "icon_id": "28562988",
      "name": "arrow-left",
      "font_class": "arrow-left",
      "unicode": "e603",
      "unicode_decimal": 58883
    },
    {
      "icon_id": "28507664",
      "name": "home",
      "font_class": "home",
      "unicode": "e675",
      "unicode_decimal": 58997
    }
  ]
}
